Workbook

Sheet RTM
A1: MATRIZ DE TRAZABILIDAD DE REQUERIMIENTOS (RTM) — Ducky: Sistema de Biblioteca
A2: Usuarios: Administrador · Bibliotecario · Profesor · Alumno · Colaborador | Plataformas: Web · App
A3: Conecta cada RF/RNF con su función del backlog, actividad del cronograma, módulo del sistema, responsable, caso de prueba y estado
A4: ID Req. | B4: Tipo | C4: Función (Backlog) | D4: Descripción del Requerimiento | E4: Sprint / Fase | F4: ID Actividad Cronograma | G4: Módulo / Componente del Sistema | H4: Usuarios Relacionados | I4: Responsable(s) | J4: ID Caso de Prueba | K4: Criterio de Aceptación | L4: Prioridad | M4: Estado | N4: Observaciones
A5: RF-01 | B5: Funcional | C5: Gestión de Usuarios | D5: El sistema debe permitir registrar (alta) un nuevo usuario con nombre, correo, contraseña y rol | E5: Sprint 0 | F5: Act. 6 – Desarrollo módulo login/logout | G5: Módulo Usuarios — Alta de Usuario | H5: Administrador, Bibliotecario | I5: Christopher Reeker | J5: TC-01 | K5: El usuario queda registrado en la BD; se muestra en el listado de usuarios activos | L5: Alta | M5: ✅ Implementado | N5: RF-21 del backlog (21.1, 21.2, 21.3, 21.4)
A6: RF-02 | B6: Funcional | C6: Gestión de Usuarios | D6: El sistema debe permitir dar de baja (eliminar) a un usuario existente | E6: Sprint 0 | F6: Act. 7 – Gestión de roles y permisos | G6: Módulo Usuarios — Baja de Usuario | H6: Administrador | I6: Jonathan Humphreys | J6: TC-02 | K6: El usuario eliminado no aparece en listados ni puede iniciar sesión | L6: Alta | M6: ✅ Implementado | N6: RF-21 del backlog
A7: RF-03 | B7: Funcional | C7: Gestión de Usuarios | D7: El sistema debe permitir modificar los datos de un usuario (nombre, correo, rol) | E7: Sprint 0 | F7: Act. 7 – Gestión de roles y permisos | G7: Módulo Usuarios — Modificación de Usuario | H7: Administrador | I7: Jonathan Humphreys | J7: TC-03 | K7: Los cambios se reflejan inmediatamente en el perfil y en el listado | L7: Media | M7: ✅ Implementado | N7: RF-21 del backlog
A8: RF-04 | B8: Funcional | C8: Gestión de Usuarios | D8: El sistema debe mostrar el listado completo de usuarios registrados con filtros por rol | E8: Sprint 0 | F8: Act. 7 – Gestión de roles y permisos | G8: Módulo Usuarios — Listado de Usuarios | H8: Administrador, Bibliotecario | I8: Jonathan Humphreys | J8: TC-04 | K8: Listado muestra todos los usuarios; filtro por rol retorna solo los correspondientes | L8: Media | M8: ✅ Implementado | N8: RF-25 del backlog (25.1, 25.2)
A9: RF-05 | B9: Funcional | C9: Gestión de Usuarios | D9: El sistema debe permitir consultar el perfil individual de un usuario | E9: Sprint 0 | F9: Act. 5 – Diseño de base de datos inicial | G9: Módulo Usuarios — Consulta de Usuario | H9: Administrador, Bibliotecario | I9: Christopher Reeker, David Muñoz | J9: TC-05 | K9: Al seleccionar un usuario se muestran todos sus datos y su historial de préstamos | L9: Media | M9: ✅ Implementado | N9: RF-25 del backlog
A10: RF-06 | B10: Funcional | C10: Gestión de Usuarios | D10: El sistema debe autenticar usuarios con correo y contraseña y controlar el acceso por rol | E10: Sprint 0 | F10: Act. 6 – Desarrollo módulo login/logout | G10: Módulo Auth — Autenticación y Roles | H10: Administrador, Bibliotecario, Profesor, Alumno, Colaborador | I10: Christopher Reeker | J10: TC-06 | K10: Usuario válido accede solo a las funciones de su rol; credenciales inválidas muestran error | L10: Alta | M10: ✅ Implementado | N10: RF-26 del backlog (26.1, 26.2); 5 roles definidos
A11: RNF-01 | B11: No Funcional | C11: Gestión de Usuarios | D11: Las contraseñas deben almacenarse con hashing seguro (bcrypt o equivalente) | E11: Sprint 0 | F11: Act. 8 – Implementación de hashing y seguridad | G11: Backend — Seguridad de datos | H11: Administrador | I11: Jonathan Humphreys | J11: TC-07 | K11: No se almacenan contraseñas en texto plano; ataque de fuerza bruta retarda respuesta | L11: Alta | M11: ✅ Implementado | N11: Act. 8 del cronograma completada; validado en QA act. 9
A12: RF-07 | B12: Funcional | C12: Gestionar Libros | D12: El sistema debe permitir registrar (alta) un nuevo libro con título, autor, ISBN, categoría y stock | E12: Sprint 1 | F12: Act. 12 – Desarrollo CRUD de libros | G12: Módulo Libros — Alta de Libro | H12: Administrador, Bibliotecario | I12: Christopher Reeker | J12: TC-08 | K12: El libro queda registrado en la BD y aparece en el catálogo con stock correcto | L12: Alta | M12: ✅ Implementado | N12: RF-01, RF-02 del backlog Sprint 1
A13: RF-08 | B13: Funcional | C13: Gestionar Libros | D13: El sistema debe permitir eliminar un libro del catálogo | E13: Sprint 1 | F13: Act. 12 – Desarrollo CRUD de libros | G13: Módulo Libros — Baja de Libro | H13: Administrador, Bibliotecario | I13: Christopher Reeker | J13: TC-09 | K13: El libro eliminado no aparece en búsquedas ni está disponible para préstamo | L13: Alta | M13: ✅ Implementado | N13: No permitir eliminar si tiene préstamos activos
A14: RF-09 | B14: Funcional | C14: Gestionar Libros | D14: El sistema debe permitir modificar los datos de un libro (título, autor, categoría, stock) | E14: Sprint 1 | F14: Act. 12 – Desarrollo CRUD de libros | G14: Módulo Libros — Cambio de Libro | H14: Administrador, Bibliotecario | I14: Christopher Reeker | J14: TC-10 | K14: Los cambios se reflejan en el catálogo inmediatamente sin afectar préstamos activos | L14: Media | M14: ✅ Implementado | N14: RF-03 del backlog Sprint 1
A15: RF-10 | B15: Funcional | C15: Gestionar Libros | D15: El sistema debe mostrar el listado completo de libros del catálogo con paginación | E15: Sprint 1 | F15: Act. 11 – Diseño módulo inventario | G15: Módulo Libros — Listado de Libros | H15: Administrador, Bibliotecario, Profesor (acceso limitado) | I15: David Muñoz | J15: TC-11 | K15: Listado muestra todos los libros con título, autor, stock disponible y estado | L15: Alta | M15: ✅ Implementado | N15: RF-24 del backlog (24.1, 24.2); acceso limitado para Profesor
... A32: RF-20 | B32: Funcional | C32: Todo el sistema | D32: El sistema debe generar reportes de préstamos, devoluciones, multas y stock para el administrador | E32: Fase Final | F32: Act. 29 – Optimización final del sistema | G32: Módulo Reportes — Dashboard administrativo | H32: Administrador, Bibliotecario | I32: Christopher Reeker | J32: TC-28 | K32: El dashboard muestra préstamos activos, libros más solicitados, multas pendientes y stock crítico | L32: Media | M32: ✅ Implementado | N32: Dashboard administrativo desarrollado en act. 15
A33: =COUNTA(A5:A32)&" requerimientos totales | "&COUNTIF(M5:M32,"✅ Implementado")&" implementados | "&COUNTIF(M5:M32,"⏳ Pendiente")&" pendientes | "&TEXT(COUNTIF(M5:M32,"✅ Implementado")/COUNTA(A5:A32),"0%")&" cobertura" -> 28 requerimientos totales | 26 implementados | 2 pendientes | 93% cobertura

Sheet Resumen
A1: RESUMEN RTM — Ducky: Sistema de Biblioteca
A2: Dashboard de cobertura por función del backlog, sprint y tipo de requerimiento
A4: Total Reqs. | B4: Funcionales | C4: No Funcionales | D4: ✅ Implementados | E4: ⏳ Pendientes | F4: Cobertura %
A5: =COUNTA(RTM!A5:A200) -> 29 | B5: =COUNTIF(RTM!B5:B200,"Funcional") -> 20 | C5: =COUNTIF(RTM!B5:B200,"No Funcional") -> 8 | D5: =COUNTIF(RTM!M5:M200,"✅ Implementado") -> 26 | E5: =COUNTIF(RTM!M5:M200,"⏳ Pendiente") -> 2 | F5: =IFERROR(COUNTIF(RTM!M5:M200,"✅ Implementado")/COUNTA(RTM!A5:A200),0) -> 0.89655172
A7: Sprint / Fase | B7: Total | C7: Funcionales | D7: No Func. | E7: Implementados | F7: Pendientes | G7: Cobertura
A9: Sprint 0 | B9: =COUNTIF(RTM!E5:E200,"Sprint 0") -> 7 | C9: =COUNTIFS(RTM!E5:E200,"Sprint 0",RTM!B5:B200,"Funcional") -> 6 | D9: =COUNTIFS(RTM!E5:E200,"Sprint 0",RTM!B5:B200,"No Funcional") -> 1 | E9: =COUNTIFS(RTM!E5:E200,"Sprint 0",RTM!M5:M200,"✅ Implementado") -> 7 | F9: =COUNTIFS(RTM!E5:E200,"Sprint 0",RTM!M5:M200,"⏳ Pendiente") -> 0 | G9: =IFERROR(E9/B9,0) -> 1
A10: Sprint 1 | B10: =COUNTIF(RTM!E5:E200,"Sprint 1") -> 7 | C10: =COUNTIFS(RTM!E5:E200,"Sprint 1",RTM!B5:B200,"Funcional") -> 6 | D10: =COUNTIFS(RTM!E5:E200,"Sprint 1",RTM!B5:B200,"No Funcional") -> 1 | E10: =COUNTIFS(RTM!E5:E200,"Sprint 1",RTM!M5:M200,"✅ Implementado") -> 7 | F10: =COUNTIFS(RTM!E5:E200,"Sprint 1",RTM!M5:M200,"⏳ Pendiente") -> 0 | G10: =IFERROR(E10/B10,0) -> 1
A11: Sprint 2 | B11: =COUNTIF(RTM!E5:E200,"Sprint 2") -> 7 | C11: =COUNTIFS(RTM!E5:E200,"Sprint 2",RTM!B5:B200,"Funcional") -> 6 | D11: =COUNTIFS(RTM!E5:E200,"Sprint 2",RTM!B5:B200,"No Funcional") -> 1 | E11: =COUNTIFS(RTM!E5:E200,"Sprint 2",RTM!M5:M200,"✅ Implementado") -> 7 | F11: =COUNTIFS(RTM!E5:E200,"Sprint 2",RTM!M5:M200,"⏳ Pendiente") -> 0 | G11: =IFERROR(E11/B11,0) -> 1
A12: Fase Final | B12: =COUNTIF(RTM!E5:E200,"Fase Final") -> 7 | C12: =COUNTIFS(RTM!E5:E200,"Fase Final",RTM!B5:B200,"Funcional") -> 2 | D12: =COUNTIFS(RTM!E5:E200,"Fase Final",RTM!B5:B200,"No Funcional") -> 5 | E12: =COUNTIFS(RTM!E5:E200,"Fase Final",RTM!M5:M200,"✅ Implementado") -> 5 | F12: =COUNTIFS(RTM!E5:E200,"Fase Final",RTM!M5:M200,"⏳ Pendiente") -> 2 | G12: =IFERROR(E12/B12,0) -> 0.71428571
A14: COBERTURA POR FUNCIÓN DEL BACKLOG
A15: Función | B15: Total Reqs. | C15: Implementados | D15: Pendientes | E15: Cobertura
A16: Gestión de Usuarios | B16: =COUNTIF(RTM!C5:C200,"Gestión de Usuarios") -> 7 | C16: =COUNTIFS(RTM!C5:C200,"Gestión de Usuarios",RTM!M5:M200,"✅ Implementado") -> 7 | D16: =COUNTIFS(RTM!C5:C200,"Gestión de Usuarios",RTM!M5:M200,"⏳ Pendiente") -> 0 | E16: =IFERROR(C16/B16,0) -> 1
A17: Gestionar Libros | B17: =COUNTIF(RTM!C5:C200,"Gestionar Libros") -> 6 | C17: =COUNTIFS(RTM!C5:C200,"Gestionar Libros",RTM!M5:M200,"✅ Implementado") -> 6 | D17: =COUNTIFS(RTM!C5:C200,"Gestionar Libros",RTM!M5:M200,"⏳ Pendiente") -> 0 | E17: =IFERROR(C17/B17,0) -> 1
A18: Buscar Libros | B18: =COUNTIF(RTM!C5:C200,"Buscar Libros") -> 2 | C18: =COUNTIFS(RTM!C5:C200,"Buscar Libros",RTM!M5:M200,"✅ Implementado") -> 2 | D18: =COUNTIFS(RTM!C5:C200,"Buscar Libros",RTM!M5:M200,"⏳ Pendiente") -> 0 | E18: =IFERROR(C18/B18,0) -> 1
A19: Prestar Libro | B19: =COUNTIF(RTM!C5:C200,"Prestar Libro") -> 4 | C19: =COUNTIFS(RTM!C5:C200,"Prestar Libro",RTM!M5:M200,"✅ Implementado") -> 4 | D19: =COUNTIFS(RTM!C5:C200,"Prestar Libro",RTM!M5:M200,"⏳ Pendiente") -> 0 | E19: =IFERROR(C19/B19,0) -> 1
A20: Devolver Libro | B20: =COUNTIF(RTM!C5:C200,"Devolver Libro") -> 3 | C20: =COUNTIFS(RTM!C5:C200,"Devolver Libro",RTM!M5:M200,"✅ Implementado") -> 3 | D20: =COUNTIFS(RTM!C5:C200,"Devolver Libro",RTM!M5:M200,"⏳ Pendiente") -> 0 | E20: =IFERROR(C20/B20,0) -> 1
A21: Todo el sistema | B21: =COUNTIF(RTM!C5:C200,"Todo el sistema") -> 6 | C21: =COUNTIFS(RTM!C5:C200,"Todo el sistema",RTM!M5:M200,"✅ Implementado") -> 4 | D21: =COUNTIFS(RTM!C5:C200,"Todo el sistema",RTM!M5:M200,"⏳ Pendiente") -> 2 | E21: =IFERROR(C21/B21,0) -> 0.66666667
A23: LEYENDA DE ESTADOS
A24: ✅ Implementado | B24: Desarrollado, probado y aceptado en el sprint correspondiente
A25: 🔄 En progreso | B25: En desarrollo activo dentro del sprint actual
A26: ⏳ Pendiente | B26: Identificado pero no iniciado; pendiente según cronograma
A27: ❌ No aplica | B27: Descartado o fusionado con otro requerimiento
